{"chunk_definitions":[{"row":32,"row_count":1,"visible":true,"expansion_state":0,"options":{"engine":"r","label":"setup","include":false},"document_id":"BF3C97EC","chunk_id":"csetup_chunk","chunk_label":"setup"},{"row":75,"row_count":1,"visible":true,"expansion_state":0,"options":{"engine":"r","label":"unnamed-chunk-34"},"document_id":"BF3C97EC","chunk_id":"cuyjpu4ru6es6","chunk_label":"unnamed-chunk-1"},{"row":78,"row_count":1,"visible":true,"expansion_state":0,"options":{"engine":"r","label":"unnamed-chunk-35"},"document_id":"BF3C97EC","chunk_id":"cu4mqpwwrfpvh","chunk_label":"unnamed-chunk-2"},{"row":82,"row_count":1,"visible":true,"expansion_state":0,"options":{"engine":"r","label":"unnamed-chunk-36"},"document_id":"BF3C97EC","chunk_id":"ctg08ikkwf4da","chunk_label":"unnamed-chunk-3"},{"row":85,"row_count":1,"visible":true,"expansion_state":0,"options":{"engine":"r","label":"unnamed-chunk-37"},"document_id":"BF3C97EC","chunk_id":"cevrrc4v6caby","chunk_label":"unnamed-chunk-4"},{"row":88,"row_count":1,"visible":true,"expansion_state":0,"options":{"engine":"r","label":"unnamed-chunk-11"},"document_id":"BF3C97EC","chunk_id":"cvlvx18bqjjd5","chunk_label":"unnamed-chunk-5"},{"row":91,"row_count":1,"visible":true,"expansion_state":0,"options":{"engine":"r","label":"unnamed-chunk-27"},"document_id":"BF3C97EC","chunk_id":"cr07gtjjlkb54","chunk_label":"unnamed-chunk-6"},{"row":95,"row_count":1,"visible":true,"expansion_state":0,"options":{"engine":"r","label":"unnamed-chunk-30"},"document_id":"BF3C97EC","chunk_id":"chrgfcr0hlvc5","chunk_label":"unnamed-chunk-7"},{"row":98,"row_count":1,"visible":true,"expansion_state":0,"options":{"engine":"r","label":"unnamed-chunk-29"},"document_id":"BF3C97EC","chunk_id":"ck9klu98z7izj","chunk_label":"unnamed-chunk-8"},{"row":101,"row_count":1,"visible":true,"expansion_state":0,"options":{"engine":"r","label":"unnamed-chunk-31"},"document_id":"BF3C97EC","chunk_id":"crneqcf3rquwr","chunk_label":"unnamed-chunk-9"},{"row":108,"row_count":1,"visible":true,"expansion_state":0,"options":{"engine":"r","label":"unnamed-chunk-16"},"document_id":"BF3C97EC","chunk_id":"cfumf1ck5e8eo","chunk_label":"unnamed-chunk-10"},{"row":111,"row_count":1,"visible":true,"expansion_state":0,"options":{"engine":"r","label":"unnamed-chunk-32"},"document_id":"BF3C97EC","chunk_id":"cpvvwt8h5qi9t","chunk_label":"unnamed-chunk-11"},{"row":114,"row_count":1,"visible":true,"expansion_state":1,"options":{"engine":"r","label":"unnamed-chunk-18"},"document_id":"BF3C97EC","chunk_id":"crp2h6asl4mu2","chunk_label":"unnamed-chunk-12"},{"row":117,"row_count":1,"visible":true,"expansion_state":0,"options":{"engine":"r","label":"unnamed-chunk-19"},"document_id":"BF3C97EC","chunk_id":"chx3zlz2v0q7j","chunk_label":"unnamed-chunk-13"},{"row":124,"row_count":1,"visible":true,"expansion_state":0,"options":{"engine":"r","label":"unnamed-chunk-33"},"document_id":"BF3C97EC","chunk_id":"cdfbrt6vyc5pw","chunk_label":"unnamed-chunk-14"},{"row":127,"row_count":1,"visible":true,"expansion_state":0,"options":{"engine":"r","label":"unnamed-chunk-21"},"document_id":"BF3C97EC","chunk_id":"cqezrndlyer9f","chunk_label":"unnamed-chunk-15"},{"row":186,"row_count":1,"visible":true,"expansion_state":0,"options":{"engine":"r","label":"unnamed-chunk-28"},"document_id":"6FF12D57","chunk_id":"cva8ikljhyic1","chunk_label":"unnamed-chunk-24"}],"doc_write_time":1653561343,"working_dir":null,"default_chunk_options":{"cache":false,"echo":true,"message":false,"warning":false}}